<?xml version="1.0" encoding="UTF-8"?>
<rss version="2.0"><channel><title>Story - testing.tackoom.com</title><description>testing.tackoom.com</description><link>https://testing.tackoom.com/recipes/380403775.xml?limit=10</link><item><title>Shakyamuni Statue</title><description/><link>https://testing.tackoom.com/scultpures-buddhism/shakyamuni-statue</link><guid>https://testing.tackoom.com/scultpures-buddhism/shakyamuni-statue</guid></item><item><title>Green Tara</title><description/><link>https://testing.tackoom.com/scultpures-buddhism/green-tara</link><guid>https://testing.tackoom.com/scultpures-buddhism/green-tara</guid></item><item><title>Vairochana Statue</title><description/><link>https://testing.tackoom.com/scultpures-buddhism/vairochana</link><guid>https://testing.tackoom.com/scultpures-buddhism/vairochana</guid></item><item><title>Aksobhya Scultpure</title><description/><link>https://testing.tackoom.com/scultpures-buddhism/aksobhya</link><guid>https://testing.tackoom.com/scultpures-buddhism/aksobhya</guid></item><item><title>Chenrezig</title><description/><link>https://testing.tackoom.com/scultpures-buddhism/chenrezig</link><guid>https://testing.tackoom.com/scultpures-buddhism/chenrezig</guid></item><item><title>Medicine Buddha</title><description/><link>https://testing.tackoom.com/scultpures-buddhism/medicine-buddha</link><guid>https://testing.tackoom.com/scultpures-buddhism/medicine-buddha</guid></item><item><title>Padmasambhava</title><description/><link>https://testing.tackoom.com/scultpures-buddhism/padmasambhava</link><guid>https://testing.tackoom.com/scultpures-buddhism/padmasambhava</guid></item><item><title>White tara</title><description/><link>https://testing.tackoom.com/scultpures-buddhism/white-tara</link><guid>https://testing.tackoom.com/scultpures-buddhism/white-tara</guid></item><item><title>Red Tara</title><description/><link>https://testing.tackoom.com/scultpures-buddhism/red-tara</link><guid>https://testing.tackoom.com/scultpures-buddhism/red-tara</guid></item><item><title>Mahakala</title><description/><link>https://testing.tackoom.com/scultpures-buddhism/mahakala</link><guid>https://testing.tackoom.com/scultpures-buddhism/mahakala</guid></item></channel></rss>
