<?xml version="1.0" encoding="UTF-8"?>
<rss version="2.0"><channel><title>testing.tackoom.com - Old Stupa Crafts</title><description>testing.tackoom.com</description><link>https://testing.tackoom.com/recipes/380402842.xml?limit=10</link><item><title>Aksobhya Scultpure</title><description/><link>https://testing.tackoom.com/scultpures-buddhism/aksobhya</link><guid>https://testing.tackoom.com/scultpures-buddhism/aksobhya</guid></item><item><title>Vairochana Statue</title><description/><link>https://testing.tackoom.com/scultpures-buddhism/vairochana</link><guid>https://testing.tackoom.com/scultpures-buddhism/vairochana</guid></item><item><title>Green Tara</title><description/><link>https://testing.tackoom.com/scultpures-buddhism/green-tara</link><guid>https://testing.tackoom.com/scultpures-buddhism/green-tara</guid></item><item><title>Shakyamuni Statue</title><description/><link>https://testing.tackoom.com/scultpures-buddhism/shakyamuni-statue</link><guid>https://testing.tackoom.com/scultpures-buddhism/shakyamuni-statue</guid></item></channel></rss>
